"No.","Time","Source","Destination","Protocol","Length","Info"
"1","0.000000","157.240.196.60","10.0.2.15","TLSv1.2","785","Application Data"
"2","0.000023","10.0.2.15","157.240.196.60","TCP","54","43620  >  443 [ACK] Seq=1 Ack=732 Win=64032 Len=0"
"3","0.059643","10.0.2.15","157.240.196.60","TLSv1.2","154","Application Data"
"4","0.063073","157.240.196.60","10.0.2.15","TCP","54","443  >  43620 [ACK] Seq=732 Ack=101 Win=65535 Len=0"
"5","0.119529","10.0.2.15","157.240.196.60","TLSv1.2","150","Application Data"
"6","0.131598","157.240.196.60","10.0.2.15","TCP","54","443  >  43620 [ACK] Seq=732 Ack=197 Win=65535 Len=0"
"7","0.210207","157.240.196.60","10.0.2.15","TLSv1.2","195","Application Data"
"8","0.253044","10.0.2.15","157.240.196.60","TCP","54","43620  >  443 [ACK] Seq=197 Ack=873 Win=64032 Len=0"
"9","0.315098","157.240.196.60","10.0.2.15","TLSv1.2","769","Application Data"
"10","0.315122","10.0.2.15","157.240.196.60","TCP","54","43620  >  443 [ACK] Seq=197 Ack=1588 Win=64032 Len=0"
"11","0.465749","10.0.2.15","157.240.196.60","TLSv1.2","154","Application Data"
"12","0.473394","157.240.196.60","10.0.2.15","TCP","54","443  >  43620 [ACK] Seq=1588 Ack=297 Win=65535 Len=0"
"13","0.525461","157.240.196.60","10.0.2.15","TLSv1.2","195","Application Data"
"14","0.525486","10.0.2.15","157.240.196.60","TCP","54","43620  >  443 [ACK] Seq=297 Ack=1729 Win=64032 Len=0"
"15","0.609508","10.0.2.15","157.240.196.60","TLSv1.2","154","Application Data"
"16","0.610110","157.240.196.60","10.0.2.15","TCP","54","443  >  43620 [ACK] Seq=1729 Ack=397 Win=65535 Len=0"
"17","0.669155","157.240.196.60","10.0.2.15","TLSv1.2","785","Application Data"
"18","0.669180","10.0.2.15","157.240.196.60","TCP","54","43620  >  443 [ACK] Seq=397 Ack=2460 Win=64032 Len=0"
"19","0.900925","157.240.196.60","10.0.2.15","TLSv1.2","195","Application Data"
"20","0.911097","10.0.2.15","157.240.196.60","TCP","54","43620  >  443 [ACK] Seq=397 Ack=2601 Win=64032 Len=0"
"21","1.002450","157.240.196.60","10.0.2.15","TLSv1.2","785","Application Data"
"22","1.002474","10.0.2.15","157.240.196.60","TCP","54","43620  >  443 [ACK] Seq=397 Ack=3332 Win=64032 Len=0"
"23","1.089210","10.0.2.15","157.240.196.60","TLSv1.2","154","Application Data"
"24","1.097095","157.240.196.60","10.0.2.15","TCP","54","443  >  43620 [ACK] Seq=3332 Ack=497 Win=65535 Len=0"
"25","1.208249","157.240.196.60","10.0.2.15","TLSv1.2","195","Application Data"
"26","1.208275","10.0.2.15","157.240.196.60","TCP","54","43620  >  443 [ACK] Seq=497 Ack=3473 Win=64032 Len=0"
"27","1.212101","10.0.2.15","157.240.196.60","TLSv1.2","150","Application Data"
"28","1.214643","157.240.196.60","10.0.2.15","TCP","54","443  >  43620 [ACK] Seq=3473 Ack=593 Win=65535 Len=0"
"29","1.219521","10.0.2.15","157.240.196.60","TLSv1.2","154","Application Data"
"30","1.219953","157.240.196.60","10.0.2.15","TCP","54","443  >  43620 [ACK] Seq=3473 Ack=693 Win=65535 Len=0"
"31","1.333376","157.240.196.60","10.0.2.15","TLSv1.2","769","Application Data"
"32","1.376689","10.0.2.15","157.240.196.60","TCP","54","43620  >  443 [ACK] Seq=693 Ack=4188 Win=64032 Len=0"
"33","1.519532","10.0.2.15","157.240.196.60","TLSv1.2","150","Application Data"
"34","1.520055","157.240.196.60","10.0.2.15","TCP","54","443  >  43620 [ACK] Seq=4188 Ack=789 Win=65535 Len=0"
"35","1.539508","157.240.196.60","10.0.2.15","TLSv1.2","195","Application Data"
"36","1.539533","10.0.2.15","157.240.196.60","TCP","54","43620  >  443 [ACK] Seq=789 Ack=4329 Win=64032 Len=0"
"37","1.692235","157.240.196.60","10.0.2.15","TLSv1.2","785","Application Data"
"38","1.692262","10.0.2.15","157.240.196.60","TCP","54","43620  >  443 [ACK] Seq=789 Ack=5060 Win=64032 Len=0"
"39","1.927099","157.240.196.60","10.0.2.15","TLSv1.2","195","Application Data"
"40","1.927130","10.0.2.15","157.240.196.60","TCP","54","43620  >  443 [ACK] Seq=789 Ack=5201 Win=64032 Len=0"
"41","2.014777","157.240.196.60","10.0.2.15","TLSv1.2","785","Application Data"
"42","2.014802","10.0.2.15","157.240.196.60","TCP","54","43620  >  443 [ACK] Seq=789 Ack=5932 Win=64032 Len=0"
"43","2.182224","10.0.2.15","157.240.196.60","TLSv1.2","154","Application Data"
"44","2.182782","157.240.196.60","10.0.2.15","TCP","54","443  >  43620 [ACK] Seq=5932 Ack=889 Win=65535 Len=0"
"45","2.182806","10.0.2.15","157.240.196.60","TLSv1.2","154","Application Data"
"46","2.183267","157.240.196.60","10.0.2.15","TCP","54","443  >  43620 [ACK] Seq=5932 Ack=989 Win=65535 Len=0"
"47","2.240347","157.240.196.60","10.0.2.15","TLSv1.2","270","Application Data"
"48","2.240386","10.0.2.15","157.240.196.60","TCP","54","43620  >  443 [ACK] Seq=989 Ack=6148 Win=64032 Len=0"
"49","2.240347","157.240.196.60","10.0.2.15","TLSv1.2","195","Application Data"
"50","2.243667","10.0.2.15","157.240.196.60","TCP","54","43620  >  443 [ACK] Seq=989 Ack=6289 Win=64032 Len=0"
"51","2.348058","157.240.196.60","10.0.2.15","TLSv1.2","769","Application Data"
"52","2.348084","10.0.2.15","157.240.196.60","TCP","54","43620  >  443 [ACK] Seq=989 Ack=7004 Win=64032 Len=0"
"57","2.531120","157.240.196.60","10.0.2.15","TLSv1.2","195","Application Data"
"58","2.531224","10.0.2.15","157.240.196.60","TCP","54","43620  >  443 [ACK] Seq=989 Ack=7145 Win=64032 Len=0"
"59","2.547990","10.0.2.15","157.240.196.60","TLSv1.2","146","Application Data"
"60","2.556756","157.240.196.60","10.0.2.15","TCP","54","443  >  43620 [ACK] Seq=7145 Ack=1081 Win=65535 Len=0"
"61","2.569610","10.0.2.15","157.240.196.60","TLSv1.2","154","Application Data"
"62","2.578771","157.240.196.60","10.0.2.15","TCP","54","443  >  43620 [ACK] Seq=7145 Ack=1181 Win=65535 Len=0"
"63","2.648572","10.0.2.15","157.240.196.60","TLSv1.2","154","Application Data"
"64","2.649083","157.240.196.60","10.0.2.15","TCP","54","443  >  43620 [ACK] Seq=7145 Ack=1281 Win=65535 Len=0"
"65","2.650395","10.0.2.15","157.240.196.60","TLSv1.2","131","Application Data"
"66","2.650828","157.240.196.60","10.0.2.15","TCP","54","443  >  43620 [ACK] Seq=7145 Ack=1358 Win=65535 Len=0"
"67","2.672784","157.240.196.60","10.0.2.15","TLSv1.2","785","Application Data"
"68","2.715252","10.0.2.15","157.240.196.60","TLSv1.2","150","Application Data"
"69","2.721046","157.240.196.60","10.0.2.15","TCP","54","443  >  43620 [ACK] Seq=7876 Ack=1454 Win=65535 Len=0"
"70","2.815811","10.0.2.15","157.240.196.60","TLSv1.2","150","Application Data"
"71","2.819547","157.240.196.60","10.0.2.15","TCP","54","443  >  43620 [ACK] Seq=7876 Ack=1550 Win=65535 Len=0"
"72","2.956035","157.240.196.60","10.0.2.15","TLSv1.2","195","Application Data"
"73","3.005930","10.0.2.15","157.240.196.60","TCP","54","43620  >  443 [ACK] Seq=1550 Ack=8017 Win=64032 Len=0"
"74","3.020213","157.240.196.60","10.0.2.15","TLSv1.2","769","Application Data"
"75","3.020237","10.0.2.15","157.240.196.60","TCP","54","43620  >  443 [ACK] Seq=1550 Ack=8732 Win=64032 Len=0"
"76","3.063418","10.0.2.15","157.240.196.60","TLSv1.2","154","Application Data"
"77","3.069654","157.240.196.60","10.0.2.15","TCP","54","443  >  43620 [ACK] Seq=8732 Ack=1650 Win=65535 Len=0"
"78","3.212961","157.240.196.60","10.0.2.15","TLSv1.2","195","Application Data"
"79","3.212984","10.0.2.15","157.240.196.60","TCP","54","43620  >  443 [ACK] Seq=1650 Ack=8873 Win=64032 Len=0"
"80","3.223439","10.0.2.15","157.240.196.60","TLSv1.2","154","Application Data"
"81","3.223915","157.240.196.60","10.0.2.15","TCP","54","443  >  43620 [ACK] Seq=8873 Ack=1750 Win=65535 Len=0"
"82","3.285140","10.0.2.15","157.240.196.60","TLSv1.2","150","Application Data"
"83","3.285751","157.240.196.60","10.0.2.15","TCP","54","443  >  43620 [ACK] Seq=8873 Ack=1846 Win=65535 Len=0"
"84","3.313773","157.240.196.60","10.0.2.15","TLSv1.2","785","Application Data"
"85","3.356570","10.0.2.15","157.240.196.60","TCP","54","43620  >  443 [ACK] Seq=1846 Ack=9604 Win=64032 Len=0"
"86","3.364781","10.0.2.15","157.240.196.60","TLSv1.2","150","Application Data"
"87","3.365319","157.240.196.60","10.0.2.15","TCP","54","443  >  43620 [ACK] Seq=9604 Ack=1942 Win=65535 Len=0"
"88","3.523091","157.240.196.60","10.0.2.15","TLSv1.2","195","Application Data"
"89","3.523114","10.0.2.15","157.240.196.60","TCP","54","43620  >  443 [ACK] Seq=1942 Ack=9745 Win=64032 Len=0"
"90","3.578951","157.240.196.60","10.0.2.15","TLSv1.2","769","Application Data"
"91","3.578979","10.0.2.15","157.240.196.60","TCP","54","43620  >  443 [ACK] Seq=1942 Ack=10460 Win=64032 Len=0"
"92","3.595267","10.0.2.15","157.240.196.60","TLSv1.2","154","Application Data"
"93","3.595714","157.240.196.60","10.0.2.15","TCP","54","443  >  43620 [ACK] Seq=10460 Ack=2042 Win=65535 Len=0"
"94","3.635681","10.0.2.15","157.240.196.60","TLSv1.2","150","Application Data"
"95","3.640719","157.240.196.60","10.0.2.15","TCP","54","443  >  43620 [ACK] Seq=10460 Ack=2138 Win=65535 Len=0"
"98","3.787373","157.240.196.60","10.0.2.15","TLSv1.2","195","Application Data"
"99","3.793925","10.0.2.15","157.240.196.60","TLSv1.2","154","Application Data"
"100","3.794551","157.240.196.60","10.0.2.15","TCP","54","443  >  43620 [ACK] Seq=10601 Ack=2238 Win=65535 Len=0"
"101","3.816143","10.0.2.15","157.240.196.60","TLSv1.2","150","Application Data"
"102","3.816905","157.240.196.60","10.0.2.15","TCP","54","443  >  43620 [ACK] Seq=10601 Ack=2334 Win=65535 Len=0"
"103","3.892185","10.0.2.15","157.240.196.60","TLSv1.2","150","Application Data"
"104","3.901839","157.240.196.60","10.0.2.15","TCP","54","443  >  43620 [ACK] Seq=10601 Ack=2430 Win=65535 Len=0"
"105","3.918217","157.240.196.60","10.0.2.15","TLSv1.2","769","Application Data"
"106","3.960596","10.0.2.15","157.240.196.60","TCP","54","43620  >  443 [ACK] Seq=2430 Ack=11316 Win=64032 Len=0"
"107","4.125966","157.240.196.60","10.0.2.15","TLSv1.2","195","Application Data"
"108","4.130750","10.0.2.15","157.240.196.60","TCP","54","43620  >  443 [ACK] Seq=2430 Ack=11457 Win=64032 Len=0"
"109","4.216510","10.0.2.15","157.240.196.60","TLSv1.2","154","Application Data"
"110","4.222004","157.240.196.60","10.0.2.15","TCP","54","443  >  43620 [ACK] Seq=11457 Ack=2530 Win=65535 Len=0"
"111","4.269486","157.240.196.60","10.0.2.15","TLSv1.2","785","Application Data"
"112","4.269510","10.0.2.15","157.240.196.60","TCP","54","43620  >  443 [ACK] Seq=2530 Ack=12188 Win=64032 Len=0"
"113","4.274468","10.0.2.15","157.240.196.60","TLSv1.2","150","Application Data"
"114","4.277038","157.240.196.60","10.0.2.15","TCP","54","443  >  43620 [ACK] Seq=12188 Ack=2626 Win=65535 Len=0"
"115","4.385960","10.0.2.15","157.240.196.60","TLSv1.2","150","Application Data"
"116","4.386411","157.240.196.60","10.0.2.15","TCP","54","443  >  43620 [ACK] Seq=12188 Ack=2722 Win=65535 Len=0"
"117","4.480939","157.240.196.60","10.0.2.15","TLSv1.2","195","Application Data"
"118","4.523971","10.0.2.15","157.240.196.60","TCP","54","43620  >  443 [ACK] Seq=2722 Ack=12329 Win=64032 Len=0"
"119","4.536538","10.0.2.15","157.240.196.60","TLSv1.2","154","Application Data"
"120","4.543173","157.240.196.60","10.0.2.15","TCP","54","443  >  43620 [ACK] Seq=12329 Ack=2822 Win=65535 Len=0"
"121","4.584292","157.240.196.60","10.0.2.15","TLSv1.2","769","Application Data"
"122","4.584324","10.0.2.15","157.240.196.60","TCP","54","43620  >  443 [ACK] Seq=2822 Ack=13044 Win=64032 Len=0"
"123","4.774588","10.0.2.15","157.240.196.60","TLSv1.2","150","Application Data"
"124","4.775238","157.240.196.60","10.0.2.15","TCP","54","443  >  43620 [ACK] Seq=13044 Ack=2918 Win=65535 Len=0"
"125","4.806959","157.240.196.60","10.0.2.15","TLSv1.2","195","Application Data"
"126","4.806984","10.0.2.15","157.240.196.60","TCP","54","43620  >  443 [ACK] Seq=2918 Ack=13185 Win=64032 Len=0"
"127","4.816107","10.0.2.15","157.240.196.60","TLSv1.2","154","Application Data"
"128","4.816739","157.240.196.60","10.0.2.15","TCP","54","443  >  43620 [ACK] Seq=13185 Ack=3018 Win=65535 Len=0"
"129","4.881460","10.0.2.15","157.240.196.60","TLSv1.2","150","Application Data"
"130","4.881994","157.240.196.60","10.0.2.15","TCP","54","443  >  43620 [ACK] Seq=13185 Ack=3114 Win=65535 Len=0"
"131","4.906224","157.240.196.60","10.0.2.15","TLSv1.2","769","Application Data"
"132","4.949458","10.0.2.15","157.240.196.60","TCP","54","43620  >  443 [ACK] Seq=3114 Ack=13900 Win=64032 Len=0"
"133","4.957833","10.0.2.15","157.240.196.60","TLSv1.2","150","Application Data"
"134","4.958308","157.240.196.60","10.0.2.15","TCP","54","443  >  43620 [ACK] Seq=13900 Ack=3210 Win=65535 Len=0"
"135","5.106509","157.240.196.60","10.0.2.15","TLSv1.2","195","Application Data"
"136","5.106536","10.0.2.15","157.240.196.60","TCP","54","43620  >  443 [ACK] Seq=3210 Ack=14041 Win=64032 Len=0"
"137","5.140980","10.0.2.15","157.240.196.60","TLSv1.2","154","Application Data"
"138","5.148588","157.240.196.60","10.0.2.15","TCP","54","443  >  43620 [ACK] Seq=14041 Ack=3310 Win=65535 Len=0"
"139","5.359475","10.0.2.15","157.240.196.60","TLSv1.2","150","Application Data"
"140","5.360134","157.240.196.60","10.0.2.15","TCP","54","443  >  43620 [ACK] Seq=14041 Ack=3406 Win=65535 Len=0"
"141","5.465358","10.0.2.15","157.240.196.60","TLSv1.2","150","Application Data"
"142","5.477157","157.240.196.60","10.0.2.15","TCP","54","443  >  43620 [ACK] Seq=14041 Ack=3502 Win=65535 Len=0"
"143","5.797212","10.0.2.15","157.240.196.60","TLSv1.2","150","Application Data"
"144","5.797776","157.240.196.60","10.0.2.15","TCP","54","443  >  43620 [ACK] Seq=14041 Ack=3598 Win=65535 Len=0"
"145","5.952278","10.0.2.15","157.240.196.60","TLSv1.2","150","Application Data"
"146","5.964757","157.240.196.60","10.0.2.15","TCP","54","443  >  43620 [ACK] Seq=14041 Ack=3694 Win=65535 Len=0"
"147","7.315126","157.240.196.60","10.0.2.15","TLSv1.2","242","Application Data"
"148","7.356983","10.0.2.15","157.240.196.60","TCP","54","43620  >  443 [ACK] Seq=3694 Ack=14229 Win=64032 Len=0"
"149","7.479390","10.0.2.15","157.240.196.60","TLSv1.2","126","Application Data"
"150","7.480650","157.240.196.60","10.0.2.15","TCP","54","443  >  43620 [ACK] Seq=14229 Ack=3766 Win=65535 Len=0"
"151","11.390363","157.240.196.60","10.0.2.15","TLSv1.2","1329","Application Data"
"152","11.390478","10.0.2.15","157.240.196.60","TCP","54","43620  >  443 [ACK] Seq=3766 Ack=15504 Win=64032 Len=0"
"156","11.704879","10.0.2.15","157.240.196.60","TLSv1.2","150","Application Data"
"157","11.713909","157.240.196.60","10.0.2.15","TCP","54","443  >  43620 [ACK] Seq=15504 Ack=3862 Win=65535 Len=0"
"158","11.740067","157.240.196.60","10.0.2.15","TLSv1.2","195","Application Data"
"159","11.740093","10.0.2.15","157.240.196.60","TCP","54","43620  >  443 [ACK] Seq=3862 Ack=15645 Win=64032 Len=0"
"160","11.753064","10.0.2.15","157.240.196.60","TLSv1.2","154","Application Data"
"161","11.753627","157.240.196.60","10.0.2.15","TCP","54","443  >  43620 [ACK] Seq=15645 Ack=3962 Win=65535 Len=0"
"257","12.830482","10.0.2.15","157.240.196.60","TLSv1.2","124","Application Data"
"258","12.831054","157.240.196.60","10.0.2.15","TCP","54","443  >  43620 [ACK] Seq=15645 Ack=4032 Win=65535 Len=0"
"259","12.973377","157.240.196.60","10.0.2.15","TLSv1.2","126","Application Data"
"260","13.018274","10.0.2.15","157.240.196.60","TCP","54","43620  >  443 [ACK] Seq=4032 Ack=15717 Win=64032 Len=0"
"263","15.983561","157.240.196.60","10.0.2.15","TLSv1.2","1329","Application Data"
"264","15.983859","10.0.2.15","157.240.196.60","TCP","54","43620  >  443 [ACK] Seq=4032 Ack=16992 Win=64032 Len=0"
"268","16.350346","157.240.196.60","10.0.2.15","TLSv1.2","195","Application Data"
"269","16.350367","10.0.2.15","157.240.196.60","TCP","54","43620  >  443 [ACK] Seq=4032 Ack=17133 Win=64032 Len=0"
"270","16.364282","10.0.2.15","157.240.196.60","TLSv1.2","150","Application Data"
"271","16.364751","157.240.196.60","10.0.2.15","TCP","54","443  >  43620 [ACK] Seq=17133 Ack=4128 Win=65535 Len=0"
"272","16.396157","10.0.2.15","157.240.196.60","TLSv1.2","154","Application Data"
"273","16.396968","157.240.196.60","10.0.2.15","TCP","54","443  >  43620 [ACK] Seq=17133 Ack=4228 Win=65535 Len=0"
"384","20.073130","157.240.196.60","10.0.2.15","TLSv1.2","1329","Application Data"
"385","20.120755","10.0.2.15","157.240.196.60","TCP","54","43620  >  443 [ACK] Seq=4228 Ack=18408 Win=64032 Len=0"
"386","20.342326","157.240.196.60","10.0.2.15","TLSv1.2","195","Application Data"
"387","20.342350","10.0.2.15","157.240.196.60","TCP","54","43620  >  443 [ACK] Seq=4228 Ack=18549 Win=64032 Len=0"
"390","20.389256","10.0.2.15","157.240.196.60","TLSv1.2","154","Application Data"
"391","20.389694","157.240.196.60","10.0.2.15","TCP","54","443  >  43620 [ACK] Seq=18549 Ack=4328 Win=65535 Len=0"
"392","20.390044","10.0.2.15","157.240.196.60","TLSv1.2","150","Application Data"
"393","20.390485","157.240.196.60","10.0.2.15","TCP","54","443  >  43620 [ACK] Seq=18549 Ack=4424 Win=65535 Len=0"
"495","26.159982","157.240.196.60","10.0.2.15","TLSv1.2","1345","Application Data"
"496","26.160031","10.0.2.15","157.240.196.60","TCP","54","43620  >  443 [ACK] Seq=4424 Ack=19840 Win=64032 Len=0"
"498","26.470432","10.0.2.15","157.240.196.60","TLSv1.2","150","Application Data"
"499","26.470757","157.240.196.60","10.0.2.15","TCP","54","443  >  43620 [ACK] Seq=19840 Ack=4520 Win=65535 Len=0"
"501","26.483220","157.240.196.60","10.0.2.15","TLSv1.2","195","Application Data"
"502","26.483241","10.0.2.15","157.240.196.60","TCP","54","43620  >  443 [ACK] Seq=4520 Ack=19981 Win=64032 Len=0"
"504","26.544039","10.0.2.15","157.240.196.60","TLSv1.2","154","Application Data"
"505","26.545037","157.240.196.60","10.0.2.15","TCP","54","443  >  43620 [ACK] Seq=19981 Ack=4620 Win=65535 Len=0"
"595","33.982299","157.240.196.60","10.0.2.15","TLSv1.2","1297","Application Data"
"596","33.982339","10.0.2.15","157.240.196.60","TCP","54","43620  >  443 [ACK] Seq=4620 Ack=21224 Win=64032 Len=0"
"599","34.282134","10.0.2.15","157.240.196.60","TLSv1.2","150","Application Data"
"600","34.283102","157.240.196.60","10.0.2.15","TCP","54","443  >  43620 [ACK] Seq=21224 Ack=4716 Win=65535 Len=0"
"601","34.285448","157.240.196.60","10.0.2.15","TLSv1.2","195","Application Data"
"602","34.285498","10.0.2.15","157.240.196.60","TCP","54","43620  >  443 [ACK] Seq=4716 Ack=21365 Win=64032 Len=0"
"604","34.370375","10.0.2.15","157.240.196.60","TLSv1.2","154","Application Data"
"605","34.371080","157.240.196.60","10.0.2.15","TCP","54","443  >  43620 [ACK] Seq=21365 Ack=4816 Win=65535 Len=0"
"686","38.559231","10.0.2.15","157.240.196.60","TLSv1.2","124","Application Data"
"687","38.561408","157.240.196.60","10.0.2.15","TCP","54","443  >  43620 [ACK] Seq=21365 Ack=4886 Win=65535 Len=0"
"688","38.700822","157.240.196.60","10.0.2.15","TLSv1.2","126","Application Data"
"689","38.700849","10.0.2.15","157.240.196.60","TCP","54","43620  >  443 [ACK] Seq=4886 Ack=21437 Win=64032 Len=0"
"690","39.000111","157.240.196.60","10.0.2.15","TLSv1.2","1313","Application Data"
"691","39.000145","10.0.2.15","157.240.196.60","TCP","54","43620  >  443 [ACK] Seq=4886 Ack=22696 Win=64032 Len=0"
"693","39.240091","10.0.2.15","157.240.196.60","TLSv1.2","150","Application Data"
"694","39.240522","157.240.196.60","10.0.2.15","TCP","54","443  >  43620 [ACK] Seq=22696 Ack=4982 Win=65535 Len=0"
"774","42.234303","10.0.2.15","147.235.31.99","TLSv1.2","93","Application Data"
"775","42.235564","147.235.31.99","10.0.2.15","TCP","54","443  >  53238 [ACK] Seq=1 Ack=40 Win=65535 Len=0"
"776","42.245249","147.235.31.99","10.0.2.15","TLSv1.2","93","Application Data"
"777","42.245291","10.0.2.15","147.235.31.99","TCP","54","53238  >  443 [ACK] Seq=40 Ack=40 Win=64032 Len=0"
"780","46.119222","157.240.196.60","10.0.2.15","TLSv1.2","1313","Application Data"
"781","46.119253","10.0.2.15","157.240.196.60","TCP","54","43620  >  443 [ACK] Seq=4982 Ack=23955 Win=64032 Len=0"
"782","46.244886","10.0.2.15","157.240.196.60","TLSv1.2","93","Application Data"
"783","46.249639","157.240.196.60","10.0.2.15","TCP","54","443  >  43606 [ACK] Seq=1 Ack=40 Win=65535 Len=0"
"789","46.293179","157.240.196.60","10.0.2.15","TLSv1.2","93","Application Data"
"790","46.293197","10.0.2.15","157.240.196.60","TCP","54","43606  >  443 [ACK] Seq=40 Ack=40 Win=64028 Len=0"
"791","46.298473","10.0.2.15","157.240.196.60","TLSv1.2","150","Application Data"
"792","46.298973","157.240.196.60","10.0.2.15","TCP","54","443  >  43620 [ACK] Seq=23955 Ack=5078 Win=65535 Len=0"
"870","50.621030","157.240.196.60","10.0.2.15","TLSv1.2","1313","Application Data"
"871","50.621344","10.0.2.15","157.240.196.60","TCP","54","43620  >  443 [ACK] Seq=5078 Ack=25214 Win=64032 Len=0"
"873","50.927235","10.0.2.15","157.240.196.60","TLSv1.2","150","Application Data"
"874","50.927664","157.240.196.60","10.0.2.15","TCP","54","443  >  43620 [ACK] Seq=25214 Ack=5174 Win=65535 Len=0"
"955","56.897824","157.240.196.60","10.0.2.15","TLSv1.2","1313","Application Data"
"956","56.897857","10.0.2.15","157.240.196.60","TCP","54","43620  >  443 [ACK] Seq=5174 Ack=26473 Win=64032 Len=0"
"959","57.065729","10.0.2.15","157.240.196.60","TLSv1.2","150","Application Data"
"960","57.068400","157.240.196.60","10.0.2.15","TCP","54","443  >  43620 [ACK] Seq=26473 Ack=5270 Win=65535 Len=0"
"1039","57.842108","10.0.2.15","157.240.196.60","TLSv1.2","124","Application Data"
"1040","57.842777","157.240.196.60","10.0.2.15","TCP","54","443  >  43620 [ACK] Seq=26473 Ack=5340 Win=65535 Len=0"
"1041","57.984201","157.240.196.60","10.0.2.15","TLSv1.2","126","Application Data"
"1042","57.984256","10.0.2.15","157.240.196.60","TCP","54","43620  >  443 [ACK] Seq=5340 Ack=26545 Win=64032 Len=0"
"1043","62.971802","157.240.196.60","10.0.2.15","TLSv1.2","1313","Application Data"
"1044","62.971936","10.0.2.15","157.240.196.60","TCP","54","43620  >  443 [ACK] Seq=5340 Ack=27804 Win=64032 Len=0"
"1047","63.200831","10.0.2.15","157.240.196.60","TLSv1.2","150","Application Data"
"1048","63.201234","157.240.196.60","10.0.2.15","TCP","54","443  >  43620 [ACK] Seq=27804 Ack=5436 Win=65535 Len=0"
"1128","70.341398","157.240.196.60","10.0.2.15","TLSv1.2","1313","Application Data"
"1129","70.341685","10.0.2.15","157.240.196.60","TCP","54","43620  >  443 [ACK] Seq=5436 Ack=29063 Win=64032 Len=0"
"1133","70.764705","10.0.2.15","157.240.196.60","TLSv1.2","150","Application Data"
"1134","70.765326","157.240.196.60","10.0.2.15","TCP","54","443  >  43620 [ACK] Seq=29063 Ack=5532 Win=65535 Len=0"
"1215","75.025015","10.0.2.15","157.240.196.60","TLSv1.2","124","Application Data"
"1216","75.025586","157.240.196.60","10.0.2.15","TCP","54","443  >  43620 [ACK] Seq=29063 Ack=5602 Win=65535 Len=0"
"1217","75.167526","157.240.196.60","10.0.2.15","TLSv1.2","126","Application Data"
"1218","75.167584","10.0.2.15","157.240.196.60","TCP","54","43620  >  443 [ACK] Seq=5602 Ack=29135 Win=64032 Len=0"
"1221","76.088133","157.240.196.60","10.0.2.15","TLSv1.2","1313","Application Data"
"1222","76.089127","10.0.2.15","157.240.196.60","TCP","54","43620  >  443 [ACK] Seq=5602 Ack=30394 Win=64032 Len=0"
"1226","76.356743","10.0.2.15","157.240.196.60","TLSv1.2","150","Application Data"
"1227","76.357545","157.240.196.60","10.0.2.15","TCP","54","443  >  43620 [ACK] Seq=30394 Ack=5698 Win=65535 Len=0"
"1322","79.131694","157.240.196.60","10.0.2.15","TLSv1.2","149","Application Data"
"1323","79.131729","10.0.2.15","157.240.196.60","TCP","54","43620  >  443 [ACK] Seq=5698 Ack=30489 Win=64032 Len=0"
"1324","79.140013","10.0.2.15","157.240.196.60","TLSv1.2","128","Application Data"
"1325","79.140624","157.240.196.60","10.0.2.15","TCP","54","443  >  43620 [ACK] Seq=30489 Ack=5772 Win=65535 Len=0"
"1328","86.340081","157.240.196.60","10.0.2.15","TLSv1.2","1281","Application Data"
"1329","86.380456","10.0.2.15","157.240.196.60","TCP","54","43620  >  443 [ACK] Seq=5772 Ack=31716 Win=64032 Len=0"
"1330","86.670227","10.0.2.15","157.240.196.60","TLSv1.2","129","Application Data"
"1331","86.670835","157.240.196.60","10.0.2.15","TCP","54","443  >  43620 [ACK] Seq=31716 Ack=5847 Win=65535 Len=0"
"1333","86.686740","10.0.2.15","157.240.196.60","TLSv1.2","150","Application Data"
"1334","86.687214","157.240.196.60","10.0.2.15","TCP","54","443  >  43620 [ACK] Seq=31716 Ack=5943 Win=65535 Len=0"
"1337","86.814467","157.240.196.60","10.0.2.15","TLSv1.2","1308","Application Data"
"1338","86.814547","10.0.2.15","157.240.196.60","TCP","54","43620  >  443 [ACK] Seq=5943 Ack=32970 Win=64032 Len=0"
"1382","91.078977","157.240.196.60","10.0.2.15","TLSv1.2","1297","Application Data"
"1383","91.079039","10.0.2.15","157.240.196.60","TCP","54","43620  >  443 [ACK] Seq=5943 Ack=34213 Win=64032 Len=0"
"1386","91.176256","10.0.2.15","157.240.196.60","TLSv1.2","150","Application Data"
"1387","91.176768","157.240.196.60","10.0.2.15","TCP","54","443  >  43620 [ACK] Seq=34213 Ack=6039 Win=65535 Len=0"
"1429","95.863609","157.240.196.60","10.0.2.15","TLSv1.2","1297","Application Data"
"1430","95.863661","10.0.2.15","157.240.196.60","TCP","54","43620  >  443 [ACK] Seq=6039 Ack=35456 Win=64032 Len=0"
"1434","96.055559","10.0.2.15","157.240.196.60","TLSv1.2","150","Application Data"
"1435","96.056244","157.240.196.60","10.0.2.15","TCP","54","443  >  43620 [ACK] Seq=35456 Ack=6135 Win=65535 Len=0"
"1499","99.422968","10.0.2.15","157.240.196.60","TLSv1.2","93","Application Data"
"1501","99.424682","157.240.196.60","10.0.2.15","TCP","54","443  >  43606 [ACK] Seq=40 Ack=79 Win=65535 Len=0"
"1503","99.426884","10.0.2.15","157.240.196.60","TLSv1.2","78","Application Data"
"1504","99.427139","10.0.2.15","157.240.196.60","TCP","54","43606  >  443 [FIN, ACK] Seq=103 Ack=40 Win=64028 Len=0"
"1505","99.428405","157.240.196.60","10.0.2.15","TCP","54","443  >  43606 [ACK] Seq=40 Ack=103 Win=65535 Len=0"
"1506","99.428405","157.240.196.60","10.0.2.15","TCP","54","443  >  43606 [ACK] Seq=40 Ack=104 Win=65535 Len=0"
"1507","99.480983","157.240.196.60","10.0.2.15","TLSv1.2","93","Application Data"
"1508","99.481011","10.0.2.15","157.240.196.60","TCP","54","43606  >  443 [RST] Seq=104 Win=0 Len=0"
"1509","99.480983","157.240.196.60","10.0.2.15","TCP","54","443  >  43606 [FIN, ACK] Seq=79 Ack=104 Win=65535 Len=0"
"1510","99.481399","10.0.2.15","157.240.196.60","TCP","54","43606  >  443 [RST] Seq=104 Win=0 Len=0"
"1511","99.484568","157.240.196.60","10.0.2.15","TCP","54","443  >  43606 [RST, ACK] Seq=4100278768 Ack=104 Win=0 Len=0"
"1514","100.251327","10.0.2.15","147.235.31.99","TLSv1.2","93","Application Data"
"1515","100.256676","147.235.31.99","10.0.2.15","TCP","54","443  >  53238 [ACK] Seq=40 Ack=79 Win=65535 Len=0"
"1516","100.264158","147.235.31.99","10.0.2.15","TLSv1.2","93","Application Data"
"1517","100.264177","10.0.2.15","147.235.31.99","TCP","54","53238  >  443 [ACK] Seq=79 Ack=79 Win=64032 Len=0"
"1518","101.757305","157.240.196.60","10.0.2.15","TLSv1.2","1297","Application Data"
"1519","101.757622","10.0.2.15","157.240.196.60","TCP","54","43620  >  443 [ACK] Seq=6135 Ack=36699 Win=64032 Len=0"
"1521","101.991451","10.0.2.15","157.240.196.60","TLSv1.2","150","Application Data"
"1522","101.991796","157.240.196.60","10.0.2.15","TCP","54","443  >  43620 [ACK] Seq=36699 Ack=6231 Win=65535 Len=0"
"1568","104.774582","157.240.196.60","10.0.2.15","TLSv1.2","417","Application Data"
"1569","104.774872","10.0.2.15","157.240.196.60","TCP","54","43620  >  443 [ACK] Seq=6231 Ack=37062 Win=64032 Len=0"
"1570","104.807270","10.0.2.15","157.240.196.60","TLSv1.2","154","Application Data"
"1571","104.809396","157.240.196.60","10.0.2.15","TCP","54","443  >  43620 [ACK] Seq=37062 Ack=6331 Win=65535 Len=0"
"1576","107.109455","157.240.196.60","10.0.2.15","TLSv1.2","1297","Application Data"
"1577","107.152533","10.0.2.15","157.240.196.60","TCP","54","43620  >  443 [ACK] Seq=6331 Ack=38305 Win=64032 Len=0"
"1584","107.239345","10.0.2.15","157.240.196.60","TLSv1.2","150","Application Data"
"1585","107.239786","157.240.196.60","10.0.2.15","TCP","54","443  >  43620 [ACK] Seq=38305 Ack=6427 Win=65535 Len=0"
"1587","107.316835","157.240.196.60","10.0.2.15","TLSv1.2","195","Application Data"
"1588","107.316874","10.0.2.15","157.240.196.60","TCP","54","43620  >  443 [ACK] Seq=6427 Ack=38446 Win=64032 Len=0"
"1589","107.350000","10.0.2.15","157.240.196.60","TLSv1.2","154","Application Data"
"1590","107.350766","157.240.196.60","10.0.2.15","TCP","54","443  >  43620 [ACK] Seq=38446 Ack=6527 Win=65535 Len=0"
"1591","107.467491","10.0.2.15","157.240.196.60","TLSv1.2","124","Application Data"
"1592","107.468169","157.240.196.60","10.0.2.15","TCP","54","443  >  43620 [ACK] Seq=38446 Ack=6597 Win=65535 Len=0"
"1638","107.641155","157.240.196.60","10.0.2.15","TLSv1.2","126","Application Data"
"1641","107.691787","10.0.2.15","157.240.196.60","TCP","54","43620  >  443 [ACK] Seq=6597 Ack=38518 Win=64032 Len=0"
"1642","113.220123","10.0.2.15","157.240.196.60","TLSv1.2","122","Application Data"
"1643","113.220605","157.240.196.60","10.0.2.15","TCP","54","443  >  43620 [ACK] Seq=38518 Ack=6665 Win=65535 Len=0"
"1644","113.220597","10.0.2.15","157.240.196.60","TLSv1.2","163","Application Data"
"1645","113.221313","157.240.196.60","10.0.2.15","TCP","54","443  >  43620 [ACK] Seq=38518 Ack=6774 Win=65535 Len=0"
"1650","113.931298","10.0.2.15","34.120.208.123","TCP","74","44146  >  443 [SYN] Seq=0 Win=64240 Len=0 MSS=1460 SACK_PERM TSval=356309621 TSecr=0 WS=128"
"1652","113.956611","34.120.208.123","10.0.2.15","TCP","58","443  >  44146 [SYN, ACK] Seq=0 Ack=1 Win=65535 Len=0 MSS=1460"
"1653","113.956709","10.0.2.15","34.120.208.123","TCP","54","44146  >  443 [ACK] Seq=1 Ack=1 Win=64240 Len=0"
"1655","113.958814","10.0.2.15","34.120.208.123","TLSv1.3","719","Client Hello"
"1656","113.959310","34.120.208.123","10.0.2.15","TCP","54","443  >  44146 [ACK] Seq=1 Ack=666 Win=65535 Len=0"
"1661","114.033985","10.0.2.15","34.117.237.239","TCP","74","45806  >  443 [SYN] Seq=0 Win=64240 Len=0 MSS=1460 SACK_PERM TSval=1759056347 TSecr=0 WS=128"
"1662","114.048572","34.120.208.123","10.0.2.15","TLSv1.3","266","Server Hello, Change Cipher Spec, Application Data"
"1663","114.048595","10.0.2.15","34.120.208.123","TCP","54","44146  >  443 [ACK] Seq=666 Ack=213 Win=64028 Len=0"
"1664","114.048572","34.117.237.239","10.0.2.15","TCP","58","443  >  45806 [SYN, ACK] Seq=0 Ack=1 Win=65535 Len=0 MSS=1460"
"1665","114.049057","10.0.2.15","34.117.237.239","TCP","54","45806  >  443 [ACK] Seq=1 Ack=1 Win=64240 Len=0"
"1666","114.052700","10.0.2.15","34.120.208.123","TLSv1.3","118","Change Cipher Spec, Application Data"
"1667","114.061176","10.0.2.15","34.120.208.123","TLSv1.3","224","Application Data"
"1668","114.061735","10.0.2.15","34.120.208.123","TLSv1.3","454","Application Data"
"1669","114.064067","10.0.2.15","34.117.237.239","TLSv1.3","717","Client Hello"
"1670","114.064073","10.0.2.15","34.120.208.123","TLSv1.3","756","Application Data"
"1671","114.096079","34.120.208.123","10.0.2.15","TCP","54","443  >  44146 [ACK] Seq=213 Ack=730 Win=65535 Len=0"
"1672","114.096080","34.120.208.123","10.0.2.15","TCP","54","443  >  44146 [ACK] Seq=213 Ack=900 Win=65535 Len=0"
"1673","114.096080","34.120.208.123","10.0.2.15","TCP","54","443  >  44146 [ACK] Seq=213 Ack=1300 Win=65535 Len=0"
"1674","114.096080","34.117.237.239","10.0.2.15","TCP","54","443  >  45806 [ACK] Seq=1 Ack=664 Win=65535 Len=0"
"1675","114.096080","34.120.208.123","10.0.2.15","TLSv1.3","640","Application Data, Application Data"
"1676","114.096080","34.120.208.123","10.0.2.15","TCP","54","443  >  44146 [ACK] Seq=799 Ack=2002 Win=65535 Len=0"
"1677","114.096080","34.120.208.123","10.0.2.15","TLSv1.3","85","Application Data"
"1678","114.104447","10.0.2.15","34.120.208.123","TCP","54","44146  >  443 [ACK] Seq=2002 Ack=830 Win=64028 Len=0"
"1679","114.107407","10.0.2.15","34.120.208.123","TLSv1.3","85","Application Data"
"1680","114.119559","34.120.208.123","10.0.2.15","TCP","54","443  >  44146 [ACK] Seq=830 Ack=2033 Win=65535 Len=0"
"1681","114.142485","34.117.237.239","10.0.2.15","TLSv1.3","266","Server Hello, Change Cipher Spec, Application Data"
"1682","114.142511","10.0.2.15","34.117.237.239","TCP","54","45806  >  443 [ACK] Seq=664 Ack=213 Win=64028 Len=0"
"1683","114.143287","10.0.2.15","34.117.237.239","TLSv1.3","118","Change Cipher Spec, Application Data"
"1684","114.143582","10.0.2.15","34.117.237.239","TLSv1.3","224","Application Data"
"1685","114.143670","10.0.2.15","34.117.237.239","TLSv1.3","294","Application Data"
"1686","114.143892","34.117.237.239","10.0.2.15","TCP","54","443  >  45806 [ACK] Seq=213 Ack=728 Win=65535 Len=0"
"1687","114.143892","34.117.237.239","10.0.2.15","TCP","54","443  >  45806 [ACK] Seq=213 Ack=898 Win=65535 Len=0"
"1688","114.143892","34.117.237.239","10.0.2.15","TCP","54","443  >  45806 [ACK] Seq=213 Ack=1138 Win=65535 Len=0"
"1689","114.154994","34.117.237.239","10.0.2.15","TLSv1.3","640","Application Data, Application Data"
"1690","114.155569","10.0.2.15","34.117.237.239","TLSv1.3","85","Application Data"
"1691","114.156181","34.117.237.239","10.0.2.15","TCP","54","443  >  45806 [ACK] Seq=799 Ack=1169 Win=65535 Len=0"
"1692","114.156871","34.117.237.239","10.0.2.15","TLSv1.3","85","Application Data"
"1693","114.201019","10.0.2.15","34.117.237.239","TCP","54","45806  >  443 [ACK] Seq=1169 Ack=830 Win=64028 Len=0"
"1694","114.328828","34.120.208.123","10.0.2.15","TLSv1.3","503","Application Data"
"1695","114.328828","34.120.208.123","10.0.2.15","TLSv1.3","310","Application Data"
"1696","114.328828","34.120.208.123","10.0.2.15","TLSv1.3","208","Application Data, Application Data"
"1697","114.329134","10.0.2.15","34.120.208.123","TCP","54","44146  >  443 [ACK] Seq=2033 Ack=1689 Win=63169 Len=0"
"1698","114.329393","10.0.2.15","34.120.208.123","TLSv1.3","93","Application Data"
"1699","114.329831","34.120.208.123","10.0.2.15","TCP","54","443  >  44146 [ACK] Seq=1689 Ack=2072 Win=65535 Len=0"
"1700","114.346178","34.117.237.239","10.0.2.15","TLSv1.3","252","Application Data"
"1701","114.346202","10.0.2.15","34.117.237.239","TCP","54","45806  >  443 [ACK] Seq=1169 Ack=1028 Win=64028 Len=0"
"1702","114.346634","10.0.2.15","34.117.237.239","TLSv1.3","93","Application Data"
"1703","114.347232","34.117.237.239","10.0.2.15","TCP","54","443  >  45806 [ACK] Seq=1028 Ack=1208 Win=65535 Len=0"
"1704","114.388664","157.240.196.60","10.0.2.15","TLSv1.2","1297","Application Data"
"1705","114.388753","10.0.2.15","157.240.196.60","TCP","54","43620  >  443 [ACK] Seq=6774 Ack=39761 Win=64032 Len=0"
"1706","114.586362","10.0.2.15","157.240.196.60","TLSv1.2","150","Application Data"
"1707","114.586903","157.240.196.60","10.0.2.15","TCP","54","443  >  43620 [ACK] Seq=39761 Ack=6870 Win=65535 Len=0"
"1711","114.682751","157.240.196.60","10.0.2.15","TLSv1.2","195","Application Data"
"1712","114.682777","10.0.2.15","157.240.196.60","TCP","54","43620  >  443 [ACK] Seq=6870 Ack=39902 Win=64032 Len=0"
"1713","114.739696","10.0.2.15","157.240.196.60","TLSv1.2","154","Application Data"
"1714","114.748325","157.240.196.60","10.0.2.15","TCP","54","443  >  43620 [ACK] Seq=39902 Ack=6970 Win=65535 Len=0"
"1754","117.254350","10.0.2.15","157.240.196.60","TLSv1.2","144","Application Data"
"1755","117.273449","157.240.196.60","10.0.2.15","TCP","54","443  >  43620 [ACK] Seq=39902 Ack=7060 Win=65535 Len=0"
"1756","117.273479","10.0.2.15","157.240.196.60","TLSv1.2","144","Application Data"
"1757","117.278214","157.240.196.60","10.0.2.15","TCP","54","443  >  43620 [ACK] Seq=39902 Ack=7150 Win=65535 Len=0"
"1758","117.413187","157.240.196.60","10.0.2.15","TLSv1.2","501","Application Data"
"1759","117.413211","10.0.2.15","157.240.196.60","TCP","54","43620  >  443 [ACK] Seq=7150 Ack=40349 Win=64032 Len=0"
"1760","117.428457","157.240.196.60","10.0.2.15","TLSv1.2","539","Application Data"
"1761","117.428481","10.0.2.15","157.240.196.60","TCP","54","43620  >  443 [ACK] Seq=7150 Ack=40834 Win=64032 Len=0"
"1774","119.000463","10.0.2.15","157.240.195.56","TCP","74","56294  >  443 [SYN] Seq=0 Win=64240 Len=0 MSS=1460 SACK_PERM TSval=3537796540 TSecr=0 WS=128"
"1779","119.079571","157.240.195.56","10.0.2.15","TCP","58","443  >  56294 [SYN, ACK] Seq=0 Ack=1 Win=65535 Len=0 MSS=1460"
"1780","119.097746","10.0.2.15","157.240.195.56","TCP","54","56294  >  443 [ACK] Seq=1 Ack=1 Win=64240 Len=0"
"1785","119.111127","10.0.2.15","157.240.195.56","TLSv1.3","571","Client Hello"
"1786","119.111650","157.240.195.56","10.0.2.15","TCP","54","443  >  56294 [ACK] Seq=1 Ack=518 Win=65535 Len=0"
"1787","119.191909","157.240.195.56","10.0.2.15","TLSv1.3","2838","Server Hello, Change Cipher Spec, Application Data, Application Data"
"1788","119.191934","10.0.2.15","157.240.195.56","TCP","54","56294  >  443 [ACK] Seq=518 Ack=2785 Win=62780 Len=0"
"1790","119.200502","157.240.195.56","10.0.2.15","TLSv1.3","442","Application Data"
"1791","119.200532","10.0.2.15","157.240.195.56","TCP","54","56294  >  443 [ACK] Seq=518 Ack=3173 Win=62392 Len=0"
"1792","119.305675","10.0.2.15","157.240.195.56","TLSv1.3","118","Change Cipher Spec, Application Data"
"1793","119.306047","10.0.2.15","157.240.195.56","TLSv1.3","224","Application Data"
"1794","119.306306","157.240.195.56","10.0.2.15","TCP","54","443  >  56294 [ACK] Seq=3173 Ack=582 Win=65535 Len=0"
"1795","119.306307","157.240.195.56","10.0.2.15","TCP","54","443  >  56294 [ACK] Seq=3173 Ack=752 Win=65535 Len=0"
"1796","119.367336","157.240.195.56","10.0.2.15","TLSv1.3","330","Application Data, Application Data, Application Data"
"1797","119.367360","10.0.2.15","157.240.195.56","TCP","54","56294  >  443 [ACK] Seq=752 Ack=3449 Win=62780 Len=0"
"1798","119.385335","10.0.2.15","157.240.195.56","TLSv1.3","85","Application Data"
"1799","119.395798","157.240.195.56","10.0.2.15","TCP","54","443  >  56294 [ACK] Seq=3449 Ack=783 Win=65535 Len=0"
"1800","120.563578","157.240.196.60","10.0.2.15","TLSv1.2","1313","Application Data"
"1801","120.563763","10.0.2.15","157.240.196.60","TCP","54","43620  >  443 [ACK] Seq=7150 Ack=42093 Win=64032 Len=0"
"1802","120.888164","157.240.196.60","10.0.2.15","TLSv1.2","195","Application Data"
"1803","120.888208","10.0.2.15","157.240.196.60","TCP","54","43620  >  443 [ACK] Seq=7150 Ack=42234 Win=64032 Len=0"
"1804","121.003748","10.0.2.15","157.240.196.60","TLSv1.2","154","Application Data"
"1805","121.011166","157.240.196.60","10.0.2.15","TCP","54","443  >  43620 [ACK] Seq=42234 Ack=7250 Win=65535 Len=0"
"1807","121.728068","10.0.2.15","157.240.196.60","TLSv1.2","150","Application Data"
"1808","121.735169","157.240.196.60","10.0.2.15","TCP","54","443  >  43620 [ACK] Seq=42234 Ack=7346 Win=65535 Len=0"
"1855","126.909051","157.240.196.60","10.0.2.15","TLSv1.2","1298","Application Data"
"1856","126.909157","10.0.2.15","157.240.196.60","TCP","54","43620  >  443 [ACK] Seq=7346 Ack=43478 Win=64032 Len=0"
"1860","127.217445","10.0.2.15","157.240.196.60","TLSv1.2","150","Application Data"
"1861","127.228898","157.240.196.60","10.0.2.15","TCP","54","443  >  43620 [ACK] Seq=43478 Ack=7442 Win=65535 Len=0"
"1862","127.256007","157.240.196.60","10.0.2.15","TLSv1.2","195","Application Data"
"1863","127.256032","10.0.2.15","157.240.196.60","TCP","54","43620  >  443 [ACK] Seq=7442 Ack=43619 Win=64032 Len=0"
"1864","127.367496","10.0.2.15","157.240.196.60","TLSv1.2","154","Application Data"
"1865","127.368803","157.240.196.60","10.0.2.15","TCP","54","443  >  43620 [ACK] Seq=43619 Ack=7542 Win=65535 Len=0"
"1918","132.036155","157.240.196.60","10.0.2.15","TLSv1.2","1298","Application Data"
"1919","132.036228","10.0.2.15","157.240.196.60","TCP","54","43620  >  443 [ACK] Seq=7542 Ack=44863 Win=64032 Len=0"
"1920","132.362618","157.240.196.60","10.0.2.15","TLSv1.2","195","Application Data"
"1921","132.362768","10.0.2.15","157.240.196.60","TCP","54","43620  >  443 [ACK] Seq=7542 Ack=45004 Win=64032 Len=0"
"1922","132.465574","10.0.2.15","157.240.196.60","TLSv1.2","150","Application Data"
"1923","132.474823","157.240.196.60","10.0.2.15","TCP","54","443  >  43620 [ACK] Seq=45004 Ack=7638 Win=65535 Len=0"
"1969","132.596305","10.0.2.15","157.240.196.60","TLSv1.2","154","Application Data"
"1971","132.597224","157.240.196.60","10.0.2.15","TCP","54","443  >  43620 [ACK] Seq=45004 Ack=7738 Win=65535 Len=0"
"1972","135.076580","10.0.2.15","157.240.196.60","TLSv1.2","124","Application Data"
"1973","135.077737","157.240.196.60","10.0.2.15","TCP","54","443  >  43620 [ACK] Seq=45004 Ack=7808 Win=65535 Len=0"
"1974","135.219094","157.240.196.60","10.0.2.15","TLSv1.2","126","Application Data"
"1975","135.219150","10.0.2.15","157.240.196.60","TCP","54","43620  >  443 [ACK] Seq=7808 Ack=45076 Win=64032 Len=0"
"1976","136.568629","10.0.2.15","157.240.196.60","TLSv1.2","122","Application Data"
"1977","136.569211","157.240.196.60","10.0.2.15","TCP","54","443  >  43620 [ACK] Seq=45076 Ack=7876 Win=65535 Len=0"
"1978","137.997736","157.240.196.60","10.0.2.15","TLSv1.2","1314","Application Data"
"1979","137.997844","10.0.2.15","157.240.196.60","TCP","54","43620  >  443 [ACK] Seq=7876 Ack=46336 Win=64032 Len=0"
"1983","138.226831","10.0.2.15","157.240.196.60","TLSv1.2","150","Application Data"
"1984","138.239563","157.240.196.60","10.0.2.15","TCP","54","443  >  43620 [ACK] Seq=46336 Ack=7972 Win=65535 Len=0"
"1985","138.321966","157.240.196.60","10.0.2.15","TLSv1.2","195","Application Data"
"1986","138.321996","10.0.2.15","157.240.196.60","TCP","54","43620  >  443 [ACK] Seq=7972 Ack=46477 Win=64032 Len=0"
"1987","138.373786","10.0.2.15","157.240.196.60","TLSv1.2","154","Application Data"
"1988","138.374528","157.240.196.60","10.0.2.15","TCP","54","443  >  43620 [ACK] Seq=46477 Ack=8072 Win=65535 Len=0"
"2040","143.846956","157.240.196.60","10.0.2.15","TLSv1.2","241","Application Data"
"2041","143.847585","10.0.2.15","157.240.196.60","TCP","54","43620  >  443 [ACK] Seq=8072 Ack=46664 Win=64032 Len=0"
"2042","143.907214","10.0.2.15","157.240.196.60","TLSv1.2","126","Application Data"
"2043","143.908501","157.240.196.60","10.0.2.15","TCP","54","443  >  43620 [ACK] Seq=46664 Ack=8144 Win=65535 Len=0"
"2044","144.188500","157.240.196.60","10.0.2.15","TLSv1.2","1298","Application Data"
"2045","144.188609","10.0.2.15","157.240.196.60","TCP","54","43620  >  443 [ACK] Seq=8144 Ack=47908 Win=64032 Len=0"
"2046","144.537931","157.240.196.60","10.0.2.15","TLSv1.2","195","Application Data"
"2047","144.537958","10.0.2.15","157.240.196.60","TCP","54","43620  >  443 [ACK] Seq=8144 Ack=48049 Win=64032 Len=0"
"2051","144.798640","10.0.2.15","157.240.196.60","TLSv1.2","154","Application Data"
"2052","144.805885","157.240.196.60","10.0.2.15","TCP","54","443  >  43620 [ACK] Seq=48049 Ack=8244 Win=65535 Len=0"
"2053","144.839751","10.0.2.15","157.240.196.60","TLSv1.2","150","Application Data"
"2054","144.840573","157.240.196.60","10.0.2.15","TCP","54","443  >  43620 [ACK] Seq=48049 Ack=8340 Win=65535 Len=0"
"2097","146.797234","157.240.196.60","10.0.2.15","TLSv1.2","770","Application Data"
"2098","146.797348","10.0.2.15","157.240.196.60","TCP","54","43620  >  443 [ACK] Seq=8340 Ack=48765 Win=64032 Len=0"
"2099","146.964946","10.0.2.15","157.240.196.60","TLSv1.2","150","Application Data"
"2100","146.965542","157.240.196.60","10.0.2.15","TCP","54","443  >  43620 [ACK] Seq=48765 Ack=8436 Win=65535 Len=0"
"2101","147.108149","157.240.196.60","10.0.2.15","TLSv1.2","195","Application Data"
"2102","147.108176","10.0.2.15","157.240.196.60","TCP","54","43620  >  443 [ACK] Seq=8436 Ack=48906 Win=64032 Len=0"
"2103","147.116313","10.0.2.15","157.240.196.60","TLSv1.2","154","Application Data"
"2104","147.116940","157.240.196.60","10.0.2.15","TCP","54","443  >  43620 [ACK] Seq=48906 Ack=8536 Win=65535 Len=0"
"2105","147.196664","157.240.196.60","10.0.2.15","TLSv1.2","770","Application Data"
"2106","147.240665","10.0.2.15","157.240.196.60","TCP","54","43620  >  443 [ACK] Seq=8536 Ack=49622 Win=64032 Len=0"
"2107","147.423195","157.240.196.60","10.0.2.15","TLSv1.2","195","Application Data"
"2108","147.423655","10.0.2.15","157.240.196.60","TCP","54","43620  >  443 [ACK] Seq=8536 Ack=49763 Win=64032 Len=0"
"2109","147.448067","10.0.2.15","157.240.196.60","TLSv1.2","154","Application Data"
"2110","147.452715","157.240.196.60","10.0.2.15","TCP","54","443  >  43620 [ACK] Seq=49763 Ack=8636 Win=65535 Len=0"
"2111","147.618283","10.0.2.15","157.240.196.60","TLSv1.2","150","Application Data"
"2112","147.618843","157.240.196.60","10.0.2.15","TCP","54","443  >  43620 [ACK] Seq=49763 Ack=8732 Win=65535 Len=0"
"2113","147.944206","157.240.196.60","10.0.2.15","TLSv1.2","770","Application Data"
"2114","147.984866","10.0.2.15","157.240.196.60","TCP","54","43620  >  443 [ACK] Seq=8732 Ack=50479 Win=64032 Len=0"
"2115","148.080698","10.0.2.15","157.240.196.60","TLSv1.2","150","Application Data"
"2116","148.081230","157.240.196.60","10.0.2.15","TCP","54","443  >  43620 [ACK] Seq=50479 Ack=8828 Win=65535 Len=0"
"2117","148.227098","157.240.196.60","10.0.2.15","TLSv1.2","195","Application Data"
"2118","148.227125","10.0.2.15","157.240.196.60","TCP","54","43620  >  443 [ACK] Seq=8828 Ack=50620 Win=64032 Len=0"
"2119","148.232049","10.0.2.15","157.240.196.60","TLSv1.2","154","Application Data"
"2120","148.232737","157.240.196.60","10.0.2.15","TCP","54","443  >  43620 [ACK] Seq=50620 Ack=8928 Win=65535 Len=0"
"2121","148.298191","157.240.196.60","10.0.2.15","TLSv1.2","786","Application Data"
"2122","148.340493","10.0.2.15","157.240.196.60","TCP","54","43620  >  443 [ACK] Seq=8928 Ack=51352 Win=64032 Len=0"
"2123","148.543445","157.240.196.60","10.0.2.15","TLSv1.2","195","Application Data"
"2124","148.543553","10.0.2.15","157.240.196.60","TCP","54","43620  >  443 [ACK] Seq=8928 Ack=51493 Win=64032 Len=0"
"2125","148.599015","10.0.2.15","157.240.196.60","TLSv1.2","150","Application Data"
"2126","148.599736","157.240.196.60","10.0.2.15","TCP","54","443  >  43620 [ACK] Seq=51493 Ack=9024 Win=65535 Len=0"
"2127","148.616746","157.240.196.60","10.0.2.15","TLSv1.2","770","Application Data"
"2128","148.616770","10.0.2.15","157.240.196.60","TCP","54","43620  >  443 [ACK] Seq=9024 Ack=52209 Win=64032 Len=0"
"2129","148.619032","10.0.2.15","157.240.196.60","TLSv1.2","154","Application Data"
"2130","148.619737","157.240.196.60","10.0.2.15","TCP","54","443  >  43620 [ACK] Seq=52209 Ack=9124 Win=65535 Len=0"
"2131","148.871903","157.240.196.60","10.0.2.15","TLSv1.2","195","Application Data"
"2132","148.879860","10.0.2.15","157.240.196.60","TLSv1.2","150","Application Data"
"2133","148.880692","157.240.196.60","10.0.2.15","TCP","54","443  >  43620 [ACK] Seq=52350 Ack=9220 Win=65535 Len=0"
"2134","148.908640","10.0.2.15","157.240.196.60","TLSv1.2","154","Application Data"
"2135","148.917971","157.240.196.60","10.0.2.15","TCP","54","443  >  43620 [ACK] Seq=52350 Ack=9320 Win=65535 Len=0"
"2136","148.981990","157.240.196.60","10.0.2.15","TLSv1.2","770","Application Data"
"2137","149.028034","10.0.2.15","157.240.196.60","TCP","54","43620  >  443 [ACK] Seq=9320 Ack=53066 Win=65535 Len=0"
"2138","149.211079","157.240.196.60","10.0.2.15","TLSv1.2","195","Application Data"
"2139","149.211168","10.0.2.15","157.240.196.60","TCP","54","43620  >  443 [ACK] Seq=9320 Ack=53207 Win=65535 Len=0"
"2140","149.242453","10.0.2.15","157.240.196.60","TLSv1.2","154","Application Data"
"2141","149.243145","157.240.196.60","10.0.2.15","TCP","54","443  >  43620 [ACK] Seq=53207 Ack=9420 Win=65535 Len=0"
"2142","149.318353","157.240.196.60","10.0.2.15","TLSv1.2","770","Application Data"
"2143","149.360715","10.0.2.15","157.240.196.60","TCP","54","43620  >  443 [ACK] Seq=9420 Ack=53923 Win=65535 Len=0"
"2144","149.542383","157.240.196.60","10.0.2.15","TLSv1.2","195","Application Data"
"2145","149.544816","10.0.2.15","157.240.196.60","TCP","54","43620  >  443 [ACK] Seq=9420 Ack=54064 Win=65535 Len=0"
"2146","149.673349","10.0.2.15","157.240.196.60","TLSv1.2","154","Application Data"
"2147","149.673960","157.240.196.60","10.0.2.15","TCP","54","443  >  43620 [ACK] Seq=54064 Ack=9520 Win=65535 Len=0"
"2148","150.167067","157.240.196.60","10.0.2.15","TLSv1.2","786","Application Data"
"2149","150.167189","10.0.2.15","157.240.196.60","TCP","54","43620  >  443 [ACK] Seq=9520 Ack=54796 Win=65535 Len=0"
"2150","150.197172","10.0.2.15","157.240.196.60","TLSv1.2","150","Application Data"
"2151","150.197695","157.240.196.60","10.0.2.15","TCP","54","443  >  43620 [ACK] Seq=54796 Ack=9616 Win=65535 Len=0"
"2152","150.491605","157.240.196.60","10.0.2.15","TLSv1.2","195","Application Data"
"2153","150.523640","10.0.2.15","157.240.196.60","TLSv1.2","154","Application Data"
"2154","150.534476","157.240.196.60","10.0.2.15","TCP","54","443  >  43620 [ACK] Seq=54937 Ack=9716 Win=65535 Len=0"
"2155","150.563865","157.240.196.60","10.0.2.15","TLSv1.2","786","Application Data"
"2156","150.610232","10.0.2.15","157.240.196.60","TCP","54","43620  >  443 [ACK] Seq=9716 Ack=55669 Win=65535 Len=0"
"2157","150.802715","157.240.196.60","10.0.2.15","TLSv1.2","195","Application Data"
"2158","150.802744","10.0.2.15","157.240.196.60","TCP","54","43620  >  443 [ACK] Seq=9716 Ack=55810 Win=65535 Len=0"
"2159","150.916104","10.0.2.15","157.240.196.60","TLSv1.2","154","Application Data"
"2160","150.916778","157.240.196.60","10.0.2.15","TCP","54","443  >  43620 [ACK] Seq=55810 Ack=9816 Win=65535 Len=0"
"2161","151.256179","10.0.2.15","157.240.196.60","TLSv1.2","150","Application Data"
"2162","151.265943","157.240.196.60","10.0.2.15","TCP","54","443  >  43620 [ACK] Seq=55810 Ack=9912 Win=65535 Len=0"
"2163","151.490554","157.240.196.60","10.0.2.15","TLSv1.2","770","Application Data"
"2164","151.490585","10.0.2.15","157.240.196.60","TCP","54","43620  >  443 [ACK] Seq=9912 Ack=56526 Win=65535 Len=0"
"2165","151.727911","157.240.196.60","10.0.2.15","TLSv1.2","195","Application Data"
"2166","151.727936","10.0.2.15","157.240.196.60","TCP","54","43620  >  443 [ACK] Seq=9912 Ack=56667 Win=65535 Len=0"
"2167","151.800092","10.0.2.15","157.240.196.60","TLSv1.2","150","Application Data"
"2168","151.800754","157.240.196.60","10.0.2.15","TCP","54","443  >  43620 [ACK] Seq=56667 Ack=10008 Win=65535 Len=0"
"2169","151.800831","10.0.2.15","157.240.196.60","TLSv1.2","154","Application Data"
"2170","151.801457","157.240.196.60","10.0.2.15","TCP","54","443  >  43620 [ACK] Seq=56667 Ack=10108 Win=65535 Len=0"
"2171","152.226621","157.240.196.60","10.0.2.15","TLSv1.2","786","Application Data"
"2172","152.226711","10.0.2.15","157.240.196.60","TCP","54","43620  >  443 [ACK] Seq=10108 Ack=57399 Win=65535 Len=0"
"2173","152.411353","10.0.2.15","157.240.196.60","TLSv1.2","150","Application Data"
"2174","152.412025","157.240.196.60","10.0.2.15","TCP","54","443  >  43620 [ACK] Seq=57399 Ack=10204 Win=65535 Len=0"
"2175","152.480827","157.240.196.60","10.0.2.15","TLSv1.2","195","Application Data"
"2176","152.480852","10.0.2.15","157.240.196.60","TCP","54","43620  >  443 [ACK] Seq=10204 Ack=57540 Win=65535 Len=0"
"2177","152.497032","10.0.2.15","157.240.196.60","TLSv1.2","154","Application Data"
"2178","152.497552","157.240.196.60","10.0.2.15","TCP","54","443  >  43620 [ACK] Seq=57540 Ack=10304 Win=65535 Len=0"
"2179","152.931065","10.0.2.15","157.240.196.60","TLSv1.2","150","Application Data"
"2180","152.932835","157.240.196.60","10.0.2.15","TCP","54","443  >  43620 [ACK] Seq=57540 Ack=10400 Win=65535 Len=0"
"2181","153.576997","10.0.2.15","157.240.196.60","TLSv1.2","150","Application Data"
"2182","153.577488","157.240.196.60","10.0.2.15","TCP","54","443  >  43620 [ACK] Seq=57540 Ack=10496 Win=65535 Len=0"
"2183","154.270679","157.240.196.60","10.0.2.15","TLSv1.2","770","Application Data"
"2184","154.315642","10.0.2.15","147.235.31.99","TLSv1.2","93","Application Data"
"2185","154.315894","10.0.2.15","147.235.31.99","TLSv1.2","78","Application Data"
"2186","154.316469","147.235.31.99","10.0.2.15","TCP","54","443  >  53238 [ACK] Seq=79 Ack=118 Win=65535 Len=0"
"2187","154.316469","147.235.31.99","10.0.2.15","TCP","54","443  >  53238 [ACK] Seq=79 Ack=143 Win=65535 Len=0"
"2188","154.317140","10.0.2.15","157.240.196.60","TCP","54","43620  >  443 [ACK] Seq=10496 Ack=58256 Win=65535 Len=0"
"2189","154.333654","147.235.31.99","10.0.2.15","TLSv1.2","93","Application Data"
"2190","154.333678","10.0.2.15","147.235.31.99","TCP","54","53238  >  443 [RST] Seq=143 Win=0 Len=0"
"2191","154.333655","147.235.31.99","10.0.2.15","TCP","54","443  >  53238 [FIN, ACK] Seq=118 Ack=143 Win=65535 Len=0"
"2192","154.334196","10.0.2.15","147.235.31.99","TCP","54","53238  >  443 [RST] Seq=143 Win=0 Len=0"
"2193","154.339453","147.235.31.99","10.0.2.15","TCP","54","443  >  53238 [RST, ACK] Seq=4093619868 Ack=143 Win=0 Len=0"
"2194","154.498393","10.0.2.15","157.240.196.60","TLSv1.2","150","Application Data"
"2195","154.499151","157.240.196.60","10.0.2.15","TCP","54","443  >  43620 [ACK] Seq=58256 Ack=10592 Win=65535 Len=0"
"2196","154.580097","157.240.196.60","10.0.2.15","TLSv1.2","195","Application Data"
"2197","154.580123","10.0.2.15","157.240.196.60","TCP","54","43620  >  443 [ACK] Seq=10592 Ack=58397 Win=65535 Len=0"
"2198","154.672583","10.0.2.15","157.240.196.60","TLSv1.2","154","Application Data"
"2199","154.674307","157.240.196.60","10.0.2.15","TCP","54","443  >  43620 [ACK] Seq=58397 Ack=10692 Win=65535 Len=0"
"2200","154.864438","157.240.196.60","10.0.2.15","TLSv1.2","786","Application Data"
"2201","154.864464","10.0.2.15","157.240.196.60","TCP","54","43620  >  443 [ACK] Seq=10692 Ack=59129 Win=65535 Len=0"
"2202","155.119270","157.240.196.60","10.0.2.15","TLSv1.2","195","Application Data"
"2203","155.119295","10.0.2.15","157.240.196.60","TCP","54","43620  >  443 [ACK] Seq=10692 Ack=59270 Win=65535 Len=0"
"2204","155.137423","10.0.2.15","157.240.196.60","TLSv1.2","154","Application Data"
"2205","155.139546","157.240.196.60","10.0.2.15","TCP","54","443  >  43620 [ACK] Seq=59270 Ack=10792 Win=65535 Len=0"
"2206","155.509140","10.0.2.15","157.240.196.60","TLSv1.2","150","Application Data"
"2207","155.516337","157.240.196.60","10.0.2.15","TCP","54","443  >  43620 [ACK] Seq=59270 Ack=10888 Win=65535 Len=0"
"2208","155.628914","157.240.196.60","10.0.2.15","TLSv1.2","786","Application Data"
"2209","155.678631","10.0.2.15","157.240.196.60","TCP","54","43620  >  443 [ACK] Seq=10888 Ack=60002 Win=65535 Len=0"
"2210","155.887519","157.240.196.60","10.0.2.15","TLSv1.2","195","Application Data"
"2211","155.887680","10.0.2.15","157.240.196.60","TCP","54","43620  >  443 [ACK] Seq=10888 Ack=60143 Win=65535 Len=0"
"2212","155.948361","10.0.2.15","157.240.196.60","TLSv1.2","154","Application Data"
"2213","155.955169","157.240.196.60","10.0.2.15","TCP","54","443  >  43620 [ACK] Seq=60143 Ack=10988 Win=65535 Len=0"
"2214","156.802754","10.0.2.15","157.240.196.60","TLSv1.2","150","Application Data"
"2215","156.803408","157.240.196.60","10.0.2.15","TCP","54","443  >  43620 [ACK] Seq=60143 Ack=11084 Win=65535 Len=0"
"2216","158.627110","10.0.2.15","157.240.196.60","TLSv1.2","84","Application Data"
"2217","158.627230","10.0.2.15","157.240.196.60","TCP","7354","43620  >  443 [PSH, ACK] Seq=11114 Ack=60143 Win=65535 Len=7300 [TCP segment of a reassembled PDU]"
"2218","158.627290","10.0.2.15","157.240.196.60","TLSv1.2","3329","Application Data"
"2219","158.627870","157.240.196.60","10.0.2.15","TCP","54","443  >  43620 [ACK] Seq=60143 Ack=11114 Win=65535 Len=0"
"2220","158.627870","157.240.196.60","10.0.2.15","TCP","54","443  >  43620 [ACK] Seq=60143 Ack=12574 Win=65535 Len=0"
"2221","158.627870","157.240.196.60","10.0.2.15","TCP","54","443  >  43620 [ACK] Seq=60143 Ack=14034 Win=65535 Len=0"
"2222","158.627870","157.240.196.60","10.0.2.15","TCP","54","443  >  43620 [ACK] Seq=60143 Ack=15494 Win=65535 Len=0"
"2223","158.627870","157.240.196.60","10.0.2.15","TCP","54","443  >  43620 [ACK] Seq=60143 Ack=16954 Win=65535 Len=0"
"2224","158.627870","157.240.196.60","10.0.2.15","TCP","54","443  >  43620 [ACK] Seq=60143 Ack=18414 Win=65535 Len=0"
"2225","158.627870","157.240.196.60","10.0.2.15","TCP","54","443  >  43620 [ACK] Seq=60143 Ack=19874 Win=65535 Len=0"
"2226","158.627870","157.240.196.60","10.0.2.15","TCP","54","443  >  43620 [ACK] Seq=60143 Ack=21334 Win=65535 Len=0"
"2227","158.627904","157.240.196.60","10.0.2.15","TCP","54","443  >  43620 [ACK] Seq=60143 Ack=21689 Win=65535 Len=0"
"2232","158.725253","10.0.2.15","157.240.195.56","TCP","74","38684  >  443 [SYN] Seq=0 Win=64240 Len=0 MSS=1460 SACK_PERM TSval=3537836265 TSecr=0 WS=128"
"2233","158.740983","10.0.2.15","157.240.195.56","TCP","74","38700  >  443 [SYN] Seq=0 Win=64240 Len=0 MSS=1460 SACK_PERM TSval=3537836280 TSecr=0 WS=128"
"2234","158.775758","157.240.195.56","10.0.2.15","TCP","58","443  >  38684 [SYN, ACK] Seq=0 Ack=1 Win=65535 Len=0 MSS=1460"
"2235","158.775947","10.0.2.15","157.240.195.56","TCP","54","38684  >  443 [ACK] Seq=1 Ack=1 Win=64240 Len=0"
"2236","158.780218","10.0.2.15","157.240.195.56","TLSv1.3","571","Client Hello"
"2237","158.783348","157.240.195.56","10.0.2.15","TCP","54","443  >  38684 [ACK] Seq=1 Ack=518 Win=65535 Len=0"
"2238","158.789338","157.240.195.56","10.0.2.15","TCP","58","443  >  38700 [SYN, ACK] Seq=0 Ack=1 Win=65535 Len=0 MSS=1460"
"2239","158.789428","10.0.2.15","157.240.195.56","TCP","54","38700  >  443 [ACK] Seq=1 Ack=1 Win=64240 Len=0"
"2240","158.791058","10.0.2.15","157.240.195.56","TLSv1.3","571","Client Hello"
"2241","158.792443","157.240.195.56","10.0.2.15","TCP","54","443  >  38700 [ACK] Seq=1 Ack=518 Win=65535 Len=0"
"2242","158.795479","157.240.196.60","10.0.2.15","TLSv1.2","118","Application Data"
"2243","158.795492","10.0.2.15","157.240.196.60","TCP","54","43620  >  443 [ACK] Seq=21689 Ack=60207 Win=65535 Len=0"
"2244","158.838704","157.240.195.56","10.0.2.15","TLSv1.3","1446","Server Hello, Change Cipher Spec, Application Data"
"2245","158.838732","10.0.2.15","157.240.195.56","TCP","54","38684  >  443 [ACK] Seq=518 Ack=1393 Win=64032 Len=0"
"2246","158.838704","157.240.195.56","10.0.2.15","TLSv1.3","1514","Application Data"
"2247","158.839175","10.0.2.15","157.240.195.56","TCP","54","38684  >  443 [ACK] Seq=518 Ack=2853 Win=62780 Len=0"
"2248","158.839413","157.240.195.56","10.0.2.15","TLSv1.3","375","Application Data"
"2249","158.839421","10.0.2.15","157.240.195.56","TCP","54","38684  >  443 [ACK] Seq=518 Ack=3174 Win=62459 Len=0"
"2250","158.844674","157.240.195.56","10.0.2.15","TLSv1.3","1446","Server Hello, Change Cipher Spec, Application Data"
"2251","158.844694","10.0.2.15","157.240.195.56","TCP","54","38700  >  443 [ACK] Seq=518 Ack=1393 Win=64032 Len=0"
"2252","158.844935","157.240.195.56","10.0.2.15","TLSv1.3","1835","Application Data, Application Data"
"2253","158.844945","10.0.2.15","157.240.195.56","TCP","54","38700  >  443 [ACK] Seq=518 Ack=3174 Win=62251 Len=0"
"2254","158.846881","10.0.2.15","157.240.195.56","TLSv1.3","118","Change Cipher Spec, Application Data"
"2255","158.847460","10.0.2.15","157.240.195.56","TLSv1.3","224","Application Data"
"2256","158.847549","10.0.2.15","157.240.195.56","TLSv1.3","411","Application Data"
"2257","158.848009","157.240.195.56","10.0.2.15","TCP","54","443  >  38684 [ACK] Seq=3174 Ack=582 Win=65535 Len=0"
"2258","158.848027","10.0.2.15","157.240.195.56","TLSv1.3","971","Application Data"
"2259","158.848010","157.240.195.56","10.0.2.15","TCP","54","443  >  38684 [ACK] Seq=3174 Ack=752 Win=65535 Len=0"
"2260","158.848010","157.240.195.56","10.0.2.15","TCP","54","443  >  38684 [ACK] Seq=3174 Ack=1109 Win=65535 Len=0"
"2261","158.848535","157.240.195.56","10.0.2.15","TCP","54","443  >  38684 [ACK] Seq=3174 Ack=2026 Win=65535 Len=0"
"2262","158.851114","10.0.2.15","157.240.195.56","TLSv1.3","118","Change Cipher Spec, Application Data"
"2263","158.851508","10.0.2.15","157.240.195.56","TLSv1.3","241","Application Data"
"2264","158.851653","157.240.195.56","10.0.2.15","TCP","54","443  >  38700 [ACK] Seq=3174 Ack=582 Win=65535 Len=0"
"2265","158.851766","10.0.2.15","157.240.195.56","TLSv1.3","206","Application Data"
"2266","158.851853","10.0.2.15","157.240.195.56","TLSv1.3","966","Application Data"
"2267","158.851943","157.240.195.56","10.0.2.15","TCP","54","443  >  38700 [ACK] Seq=3174 Ack=769 Win=65535 Len=0"
"2268","158.852176","157.240.195.56","10.0.2.15","TCP","54","443  >  38684 [ACK] Seq=3174 Ack=2178 Win=65535 Len=0"
"2269","158.852176","157.240.195.56","10.0.2.15","TCP","54","443  >  38684 [ACK] Seq=3174 Ack=3090 Win=65535 Len=0"
"2270","158.895728","157.240.195.56","10.0.2.15","TLSv1.3","225","Application Data"
"2271","158.895728","157.240.195.56","10.0.2.15","TLSv1.3","159","Application Data, Application Data"
"2272","158.896790","10.0.2.15","157.240.195.56","TLSv1.3","85","Application Data"
"2273","158.896978","157.240.195.56","10.0.2.15","TLSv1.3","89","Application Data"
"2274","158.897536","157.240.195.56","10.0.2.15","TCP","54","443  >  38684 [ACK] Seq=3485 Ack=3121 Win=65535 Len=0"
"2275","158.899447","157.240.195.56","10.0.2.15","TLSv1.3","225","Application Data"
"2276","158.899448","157.240.195.56","10.0.2.15","TLSv1.3","176","Application Data, Application Data"
"2277","158.900173","10.0.2.15","157.240.195.56","TCP","54","38700  >  443 [ACK] Seq=769 Ack=3467 Win=62780 Len=0"
"2278","158.900329","157.240.195.56","10.0.2.15","TCP","54","443  >  38700 [FIN, ACK] Seq=3467 Ack=769 Win=65535 Len=0"
"2279","158.900321","10.0.2.15","157.240.195.56","TLSv1.3","78","Application Data"
"2280","158.900691","10.0.2.15","157.240.195.56","TCP","54","38700  >  443 [FIN, ACK] Seq=793 Ack=3468 Win=62780 Len=0"
"2281","158.900847","157.240.195.56","10.0.2.15","TLSv1.3","89","Application Data"
"2282","158.900847","157.240.195.56","10.0.2.15","TCP","54","443  >  38700 [ACK] Seq=3468 Ack=793 Win=65535 Len=0"
"2283","158.900916","10.0.2.15","157.240.195.56","TCP","54","38684  >  443 [ACK] Seq=3121 Ack=3520 Win=62780 Len=0"
"2284","158.901274","157.240.195.56","10.0.2.15","TCP","54","443  >  38700 [ACK] Seq=3468 Ack=794 Win=65535 Len=0"
"2285","158.929800","157.240.195.56","10.0.2.15","TLSv1.3","545","Application Data"
"2286","158.934233","157.240.195.56","10.0.2.15","TLSv1.3","257","Application Data"
"2287","158.934437","10.0.2.15","157.240.195.56","TCP","54","38684  >  443 [ACK] Seq=3121 Ack=4214 Win=62780 Len=0"
"2288","162.057448","157.240.196.60","10.0.2.15","TLSv1.2","1298","Application Data"
"2289","162.057919","10.0.2.15","157.240.196.60","TCP","54","43620  >  443 [ACK] Seq=21689 Ack=61451 Win=65535 Len=0"
"2290","162.358486","157.240.196.60","10.0.2.15","TLSv1.2","195","Application Data"
"2291","162.358510","10.0.2.15","157.240.196.60","TCP","54","43620  >  443 [ACK] Seq=21689 Ack=61592 Win=65535 Len=0"
"2295","162.561811","10.0.2.15","157.240.196.60","TLSv1.2","150","Application Data"
"2296","162.562451","157.240.196.60","10.0.2.15","TCP","54","443  >  43620 [ACK] Seq=61592 Ack=21785 Win=65535 Len=0"
"2297","162.567573","10.0.2.15","157.240.196.60","TLSv1.2","154","Application Data"
"2298","162.568140","157.240.196.60","10.0.2.15","TCP","54","443  >  43620 [ACK] Seq=61592 Ack=21885 Win=65535 Len=0"
"2361","165.688677","157.240.196.60","10.0.2.15","TLSv1.2","1314","Application Data"
"2362","165.688965","10.0.2.15","157.240.196.60","TCP","54","43620  >  443 [ACK] Seq=21885 Ack=62852 Win=65535 Len=0"
"2363","166.043975","157.240.196.60","10.0.2.15","TLSv1.2","195","Application Data"
"2364","166.044004","10.0.2.15","157.240.196.60","TCP","54","43620  >  443 [ACK] Seq=21885 Ack=62993 Win=65535 Len=0"
"2367","166.201446","10.0.2.15","157.240.196.60","TLSv1.2","150","Application Data"
"2368","166.201555","10.0.2.15","157.240.196.60","TLSv1.2","154","Application Data"
"2369","166.201962","157.240.196.60","10.0.2.15","TCP","54","443  >  43620 [ACK] Seq=62993 Ack=21981 Win=65535 Len=0"
"2370","166.202198","157.240.196.60","10.0.2.15","TCP","54","443  >  43620 [ACK] Seq=62993 Ack=22081 Win=65535 Len=0"
"2429","170.094391","157.240.196.60","10.0.2.15","TLSv1.2","1298","Application Data"
"2430","170.094421","10.0.2.15","157.240.196.60","TCP","54","43620  >  443 [ACK] Seq=22081 Ack=64237 Win=65535 Len=0"
"2431","170.446889","157.240.196.60","10.0.2.15","TLSv1.2","195","Application Data"
"2432","170.446916","10.0.2.15","157.240.196.60","TCP","54","43620  >  443 [ACK] Seq=22081 Ack=64378 Win=65535 Len=0"
"2440","170.632080","10.0.2.15","157.240.196.60","TLSv1.2","150","Application Data"
"2441","170.641159","157.240.196.60","10.0.2.15","TCP","54","443  >  43620 [ACK] Seq=64378 Ack=22177 Win=65535 Len=0"
"2494","170.773282","10.0.2.15","157.240.196.60","TLSv1.2","154","Application Data"
"2495","170.777984","157.240.196.60","10.0.2.15","TCP","54","443  >  43620 [ACK] Seq=64378 Ack=22277 Win=65535 Len=0"
"2496","172.718705","10.0.2.15","34.117.237.239","TLSv1.3","93","Application Data"
"2497","172.718804","10.0.2.15","34.120.208.123","TLSv1.3","93","Application Data"
"2498","172.719465","34.117.237.239","10.0.2.15","TCP","54","443  >  45806 [ACK] Seq=1028 Ack=1247 Win=65535 Len=0"
"2499","172.719465","34.120.208.123","10.0.2.15","TCP","54","443  >  44146 [ACK] Seq=1689 Ack=2111 Win=65535 Len=0"
"2500","172.734771","34.117.237.239","10.0.2.15","TLSv1.3","93","Application Data"
"2501","172.737804","34.120.208.123","10.0.2.15","TLSv1.3","93","Application Data"
"2502","172.776569","10.0.2.15","34.117.237.239","TCP","54","45806  >  443 [ACK] Seq=1247 Ack=1067 Win=64028 Len=0"
"2503","172.781359","10.0.2.15","34.120.208.123","TCP","54","44146  >  443 [ACK] Seq=2111 Ack=1728 Win=63874 Len=0"
"2504","177.108474","157.240.196.60","10.0.2.15","TLSv1.2","317","Application Data"
"2505","177.108809","10.0.2.15","157.240.196.60","TCP","54","43620  >  443 [ACK] Seq=22277 Ack=64641 Win=65535 Len=0"
"2506","177.403768","157.240.196.60","10.0.2.15","TLSv1.2","195","Application Data"
"2507","177.403793","10.0.2.15","157.240.196.60","TCP","54","43620  >  443 [ACK] Seq=22277 Ack=64782 Win=65535 Len=0"
"2508","177.624229","10.0.2.15","157.240.196.60","TLSv1.2","154","Application Data"
"2509","177.630472","157.240.196.60","10.0.2.15","TCP","54","443  >  43620 [ACK] Seq=64782 Ack=22377 Win=65535 Len=0"
"2510","177.638814","10.0.2.15","157.240.196.60","TLSv1.2","150","Application Data"
"2511","177.639749","157.240.196.60","10.0.2.15","TCP","54","443  >  43620 [ACK] Seq=64782 Ack=22473 Win=65535 Len=0"
"2512","177.751691","10.0.2.15","157.240.195.56","TLSv1.3","93","Application Data"
"2513","177.764999","157.240.195.56","10.0.2.15","TCP","54","443  >  56294 [ACK] Seq=3449 Ack=822 Win=65535 Len=0"
"2514","177.808436","157.240.195.56","10.0.2.15","TLSv1.3","93","Application Data"
"2515","177.854824","10.0.2.15","157.240.195.56","TCP","54","56294  >  443 [ACK] Seq=822 Ack=3488 Win=62780 Len=0"
"2516","181.379234","157.240.196.60","10.0.2.15","TLSv1.2","305","Application Data"
"2517","181.379330","10.0.2.15","157.240.196.60","TCP","54","43620  >  443 [ACK] Seq=22473 Ack=65033 Win=65535 Len=0"
"2518","181.780645","10.0.2.15","157.240.196.60","TLSv1.2","147","Application Data"
"2519","181.790005","157.240.196.60","10.0.2.15","TCP","54","443  >  43620 [ACK] Seq=65033 Ack=22566 Win=65535 Len=0"
